pid,act,start,end,mode,distance,target_act,target_start,target_end,target_mode,target_distance
0,home,0,625,NA,0.0,home,0,641,NA,0.0
0,travel,625,650,bus,0.0,travel,641,641,walk,0.0
0,other,650,780,NA,0.0,other,641,771,NA,0.0
0,travel,780,805,bus,0.0,travel,771,771,walk,0.0
0,home,805,1440,NA,0.0,home,771,1440,NA,0.0
1,home,0,625,NA,0.0,home,0,625,NA,0.0
1,travel,625,650,bus,0.0,travel,625,625,walk,0.0
1,other,650,780,NA,0.0,other,625,780,NA,0.0
1,travel,780,805,bus,0.0,travel,780,780,walk,0.0
1,home,805,1440,NA,0.0,home,780,1440,NA,0.0
2,home,0,570,NA,0.0,home,0,577,NA,0.0
2,travel,570,595,bus,0.40169266859130004,travel,577,582,bus,0.40169266859130004
2,shop,595,665,NA,0.0,shop,582,652,NA,0.0
2,travel,665,685,bus,0.40169266859130004,travel,652,660,walk,0.40169266859130004
2,home,685,1440,NA,0.0,home,660,1440,NA,0.0
3,home,0,570,NA,0.0,home,0,581,NA,0.0
3,travel,570,595,bus,1.9326999249754215,travel,581,615,walk,1.9326999249754215
3,shop,595,665,NA,0.0,shop,615,658,NA,0.0
3,travel,665,685,bus,1.9326999249754215,travel,658,708,walk,1.9326999249754215
3,home,685,1440,NA,0.0,home,708,1440,NA,0.0
4,home,0,570,NA,0.0,home,0,570,NA,0.0
4,travel,570,595,bus,5.956958703902521,travel,570,608,bus,5.956958703902521
4,shop,595,665,NA,0.0,shop,608,665,NA,0.0
4,travel,665,685,bus,5.956958703902521,travel,665,819,walk,5.956958703902521
4,home,685,1440,NA,0.0,home,819,1440,NA,0.0
5,home,0,570,NA,0.0,home,0,570,NA,0.0
5,travel,570,595,bus,8.74946604085072,travel,570,635,rail,8.74946604085072
5,shop,595,665,NA,0.0,shop,635,665,NA,0.0
5,travel,665,685,bus,8.74946604085072,travel,665,710,bus,8.74946604085072
5,home,685,1440,NA,0.0,home,710,1440,NA,0.0
6,home,0,540,NA,0.0,home,0,540,NA,0.0
6,travel,540,545,walk,2.547529195122207,travel,540,611,walk,2.547529195122207
6,shop,545,570,NA,0.0,shop,611,611,NA,0.0
6,travel,570,575,walk,2.547529195122207,travel,611,676,walk,2.547529195122207
6,home,575,1440,NA,0.0,home,676,1440,NA,0.0
7,home,0,1030,NA,0.0,home,0,1036,NA,0.0
7,travel,1030,1042,car,4.037032821268611,travel,1036,1048,car,4.037032821268611
7,visit,1042,1046,NA,0.0,visit,1048,1048,NA,0.0
7,travel,1046,1060,car,4.037032821268611,travel,1048,1075,car,4.037032821268611
7,home,1060,1440,NA,0.0,home,1075,1440,NA,0.0
8,home,0,325,NA,0.0,home,0,323,NA,0.0
8,travel,325,345,car,11.108313328314068,travel,323,343,car,11.108313328314068
8,work,345,860,NA,0.0,work,343,851,NA,0.0
8,travel,860,870,car,5.4037002137424315,travel,851,864,car,5.4037002137424315
8,other,870,975,NA,0.0,other,864,971,NA,0.0
8,travel,975,1005,car,5.78398383469387,travel,971,994,car,5.78398383469387
8,home,1005,1440,NA,0.0,home,994,1440,NA,0.0
9,home,0,1030,NA,0.0,home,0,1030,NA,0.0
9,travel,1030,1042,car,2.3147624068141424,travel,1030,1083,walk,2.3147624068141424
9,visit,1042,1046,NA,0.0,visit,1083,1083,NA,0.0
9,travel,1046,1060,car,2.3147624068141424,travel,1083,1139,bus,2.3147624068141424
9,home,1060,1440,NA,0.0,home,1139,1440,NA,0.0
10,home,0,325,NA,0.0,home,0,325,NA,0.0
10,travel,325,345,car,9.838592175712945,travel,325,340,car,9.838592175712945
10,work,345,860,NA,0.0,work,340,860,NA,0.0
10,travel,860,870,car,5.3244542443334035,travel,860,872,car,5.3244542443334035
10,other,870,975,NA,0.0,other,872,975,NA,0.0
10,travel,975,1005,car,4.5348112419371995,travel,975,989,car,4.5348112419371995
10,home,1005,1440,NA,0.0,home,989,1440,NA,0.0
11,home,0,320,NA,0.0,home,0,325,NA,0.0
11,travel,320,340,car,4.653036857795132,travel,325,339,car,4.653036857795132
11,work,340,870,NA,0.0,work,339,869,NA,0.0
11,travel,870,890,car,8.81420926685996,travel,869,884,car,8.81420926685996
11,escort_education,890,905,NA,0.0,escort_education,884,896,NA,0.0
11,travel,905,910,car,10.373913870858964,travel,896,920,car,10.373913870858964
11,home,910,1440,NA,0.0,home,920,1440,NA,0.0
12,home,0,964,NA,0.0,home,0,969,NA,0.0
12,travel,964,971,car,0.9040757711608026,travel,969,972,car,0.9040757711608026
12,escort_other,971,1010,NA,0.0,escort_other,972,1016,NA,0.0
12,travel,1010,1024,car,7.459544356058217,travel,1016,1034,car,7.459544356058217
12,work,1024,1265,NA,0.0,work,1034,1254,NA,0.0
12,travel,1265,1275,car,4.924476926537477,travel,1254,1265,car,4.924476926537477
12,escort_home,1275,1275,NA,0.0,escort_home,1265,1273,NA,0.0
12,travel,1275,1280,car,9.647609652136635,travel,1273,1290,car,9.647609652136635
12,home,1280,1440,NA,0.0,home,1290,1440,NA,0.0
13,home,0,320,NA,0.0,home,0,326,NA,0.0
13,travel,320,340,car,6.940036959555763,travel,326,343,car,6.940036959555763
13,work,340,870,NA,0.0,work,343,859,NA,0.0
13,travel,870,900,car,6.940036959555763,travel,859,881,car,6.940036959555763
13,home,900,1440,NA,0.0,home,881,1440,NA,0.0
14,home,0,964,NA,0.0,home,0,948,NA,0.0
14,travel,964,971,car,5.461486702354955,travel,948,976,car,5.461486702354955
14,other,971,1070,NA,0.0,other,976,1083,NA,0.0
14,travel,1070,1080,car,5.6496819379501355,travel,1083,1108,car,5.6496819379501355
14,visit,1080,1440,NA,0.0,visit,1108,1440,NA,0.0
15,home,0,964,NA,0.0,home,0,964,NA,0.0
15,travel,964,971,car,3.8092788031332123,travel,964,979,car,3.8092788031332123
15,other,971,1070,NA,0.0,other,979,1070,NA,0.0
15,travel,1070,1080,car,6.884436941391794,travel,1070,1099,car,6.884436941391794
15,visit,1080,1440,NA,0.0,visit,1099,1440,NA,0.0
16,home,0,964,NA,0.0,home,0,974,NA,0.0
16,travel,964,971,car,2.434127769859257,travel,974,984,car,2.434127769859257
16,escort_other,971,1010,NA,0.0,escort_other,984,1010,NA,0.0
16,travel,1010,1024,car,3.3590214348824867,travel,1010,1026,car,3.3590214348824867
16,work,1024,1265,NA,0.0,work,1026,1256,NA,0.0
16,travel,1265,1275,car,4.346789619937915,travel,1256,1264,car,4.346789619937915
16,escort_home,1275,1275,NA,0.0,escort_home,1264,1272,NA,0.0
16,travel,1275,1280,car,1.8541793332900678,travel,1272,1279,car,1.8541793332900678
16,home,1280,1440,NA,0.0,home,1279,1440,NA,0.0
17,home,0,320,NA,0.0,home,0,320,NA,0.0
17,travel,320,340,car,5.964840064913727,travel,320,331,car,5.964840064913727
17,work,340,870,NA,0.0,work,331,870,NA,0.0
17,travel,870,900,car,5.964840064913727,travel,870,881,car,5.964840064913727
17,home,900,1440,NA,0.0,home,881,1440,NA,0.0
18,home,0,964,NA,0.0,home,0,963,NA,0.0
18,travel,964,971,car,2.6360671463375134,travel,963,971,car,2.6360671463375134
18,other,971,1070,NA,0.0,other,971,1082,NA,0.0
18,travel,1070,1080,car,4.246183462828708,travel,1082,1103,car,4.246183462828708
18,visit,1080,1440,NA,0.0,visit,1103,1440,NA,0.0
19,home,0,964,NA,0.0,home,0,977,NA,0.0
19,travel,964,971,car,6.044067835489606,travel,977,1002,car,6.044067835489606
19,other,971,1070,NA,0.0,other,1002,1082,NA,0.0
19,travel,1070,1080,car,6.187824900560778,travel,1082,1113,car,6.187824900560778
19,visit,1080,1440,NA,0.0,visit,1113,1440,NA,0.0
20,home,0,520,NA,0.0,home,0,531,NA,0.0
20,travel,520,570,walk,8.137723514595468,travel,531,722,walk,8.137723514595468
20,other,570,570,NA,0.0,other,722,722,NA,0.0
20,travel,570,620,walk,4.967740029429882,travel,722,828,walk,4.967740029429882
20,home,620,660,NA,0.0,home,828,828,NA,0.0
20,travel,660,665,car,2.1177877608485702,travel,828,834,car,2.1177877608485702
20,shop,665,675,NA,0.0,shop,834,834,NA,0.0
20,travel,675,680,car,3.77809290515731,travel,834,840,car,3.77809290515731
20,home,680,1440,NA,0.0,home,840,1440,NA,0.0
21,home,0,750,NA,0.0,home,0,745,NA,0.0
21,travel,750,780,bus,2.998620516170728,travel,745,864,car,2.998620516170728
21,shop,780,910,NA,0.0,shop,864,914,NA,0.0
21,travel,910,940,bus,0.0,travel,914,914,walk,0.0
21,home,940,1200,NA,0.0,home,914,1198,NA,0.0
21,travel,1200,1210,car,2.488385219374203,travel,1198,1223,car,2.488385219374203
21,other,1210,1440,NA,0.0,other,1223,1440,NA,0.0
22,home,0,370,NA,0.0,home,0,371,NA,0.0
22,travel,370,390,car,7.606602526752663,travel,371,385,car,7.606602526752663
22,work,390,1085,NA,0.0,work,385,1087,NA,0.0
22,travel,1085,1115,car,12.260432496449706,travel,1087,1130,car,12.260432496449706
22,home,1115,1440,NA,0.0,home,1130,1440,NA,0.0
23,other,0,15,NA,0.0,other,0,0,NA,0.0
23,travel,15,30,car,5.391754074510446,travel,0,8,car,5.391754074510446
23,home,30,750,NA,0.0,home,8,760,NA,0.0
23,travel,750,780,bus,11.67776776614435,travel,760,811,bus,11.67776776614435
23,shop,780,910,NA,0.0,shop,811,912,NA,0.0
23,travel,910,940,bus,9.084011944069648,travel,912,1002,bus,9.084011944069648
23,home,940,1200,NA,0.0,home,1002,1214,NA,0.0
23,travel,1200,1210,car,6.89106530225915,travel,1214,1227,car,6.89106530225915
23,other,1210,1440,NA,0.0,other,1227,1440,NA,0.0
24,home,0,370,NA,0.0,home,0,370,NA,0.0
24,travel,370,390,car,13.333289841595734,travel,370,395,car,13.333289841595734
24,work,390,1085,NA,0.0,work,395,1085,NA,0.0
24,travel,1085,1115,car,8.50132983714901,travel,1085,1153,car,8.50132983714901
24,home,1115,1440,NA,0.0,home,1153,1440,NA,0.0
25,home,0,520,NA,0.0,home,0,528,NA,0.0
25,travel,520,570,walk,11.514569987628718,travel,528,765,walk,11.514569987628718
25,other,570,570,NA,0.0,other,765,765,NA,0.0
25,travel,570,620,walk,8.420947749511333,travel,765,932,walk,8.420947749511333
25,home,620,660,NA,0.0,home,932,932,NA,0.0
25,travel,660,665,car,2.6148646236468918,travel,932,941,car,2.6148646236468918
25,shop,665,675,NA,0.0,shop,941,941,NA,0.0
25,travel,675,680,car,3.0482221047686138,travel,941,950,car,3.0482221047686138
25,home,680,1440,NA,0.0,home,950,1440,NA,0.0
26,other,0,15,NA,0.0,other,0,15,NA,0.0
26,travel,15,30,car,7.956622650346062,travel,15,28,car,7.956622650346062
26,home,30,750,NA,0.0,home,28,750,NA,0.0
26,travel,750,780,bus,4.943122292640553,travel,750,824,bus,4.943122292640553
26,shop,780,910,NA,0.0,shop,824,910,NA,0.0
26,travel,910,940,bus,4.908377532342026,travel,910,963,bus,4.908377532342026
26,home,940,1200,NA,0.0,home,963,1200,NA,0.0
26,travel,1200,1210,car,4.765018887685546,travel,1200,1212,car,4.765018887685546
26,other,1210,1440,NA,0.0,other,1212,1440,NA,0.0
27,home,0,370,NA,0.0,home,0,384,NA,0.0
27,travel,370,390,car,15.864767316289262,travel,384,411,car,15.864767316289262
27,work,390,1085,NA,0.0,work,411,1089,NA,0.0
27,travel,1085,1115,car,12.157716397416086,travel,1089,1169,car,12.157716397416086
27,home,1115,1440,NA,0.0,home,1169,1440,NA,0.0
28,home,0,520,NA,0.0,home,0,521,NA,0.0
28,travel,520,570,walk,10.354014921758612,travel,521,726,walk,10.354014921758612
28,other,570,570,NA,0.0,other,726,726,NA,0.0
28,travel,570,620,walk,7.50728979059687,travel,726,881,walk,7.50728979059687
28,home,620,660,NA,0.0,home,881,882,NA,0.0
28,travel,660,665,car,1.167562418031687,travel,882,886,car,1.167562418031687
28,shop,665,675,NA,0.0,shop,886,886,NA,0.0
28,travel,675,680,car,1.2330036496296353,travel,886,889,car,1.2330036496296353
28,home,680,1440,NA,0.0,home,889,1440,NA,0.0
29,other,0,15,NA,0.0,other,0,19,NA,0.0
29,travel,15,30,car,6.490239209767234,travel,19,32,car,6.490239209767234
29,home,30,750,NA,0.0,home,32,763,NA,0.0
29,travel,750,780,bus,6.592687539994596,travel,763,825,bus,6.592687539994596
29,shop,780,910,NA,0.0,shop,825,898,NA,0.0
29,travel,910,940,bus,6.4030705915209145,travel,898,957,bus,6.4030705915209145
29,home,940,1200,NA,0.0,home,957,1206,NA,0.0
29,travel,1200,1210,car,5.786731374446199,travel,1206,1219,car,5.786731374446199
29,other,1210,1440,NA,0.0,other,1219,1440,NA,0.0
30,home,0,370,NA,0.0,home,0,370,NA,0.0
30,travel,370,390,car,5.841747854880421,travel,370,382,car,5.841747854880421
30,work,390,1085,NA,0.0,work,382,1085,NA,0.0
30,travel,1085,1115,car,10.100394546749152,travel,1085,1157,car,10.100394546749152
30,home,1115,1440,NA,0.0,home,1157,1440,NA,0.0
31,home,0,520,NA,0.0,home,0,504,NA,0.0
31,travel,520,570,walk,2.4071526748422087,travel,504,558,walk,2.4071526748422087
31,other,570,570,NA,0.0,other,558,596,NA,0.0
31,travel,570,620,walk,4.209692862905796,travel,596,685,walk,4.209692862905796
31,home,620,660,NA,0.0,home,685,685,NA,0.0
31,travel,660,665,car,0.41329529394852776,travel,685,687,car,0.41329529394852776
31,shop,665,675,NA,0.0,shop,687,687,NA,0.0
31,travel,675,680,car,0.783460273402551,travel,687,692,car,0.783460273402551
31,home,680,1440,NA,0.0,home,692,1440,NA,0.0
32,other,0,15,NA,0.0,other,0,1,NA,0.0
32,travel,15,30,car,4.771017711138788,travel,1,12,car,4.771017711138788
32,home,30,750,NA,0.0,home,12,752,NA,0.0
32,travel,750,780,bus,5.6880001758087175,travel,752,787,car,5.6880001758087175
32,shop,780,910,NA,0.0,shop,787,908,NA,0.0
32,travel,910,940,bus,5.177593456423553,travel,908,952,car,5.177593456423553
32,home,940,1200,NA,0.0,home,952,1214,NA,0.0
32,travel,1200,1210,car,2.524545107539178,travel,1214,1223,car,2.524545107539178
32,other,1210,1440,NA,0.0,other,1223,1440,NA,0.0
33,home,0,370,NA,0.0,home,0,370,NA,0.0
33,travel,370,390,car,11.013593873028006,travel,370,391,car,11.013593873028006
33,work,390,1085,NA,0.0,work,391,1085,NA,0.0
33,travel,1085,1115,car,9.051837658729855,travel,1085,1137,car,9.051837658729855
33,home,1115,1440,NA,0.0,home,1137,1440,NA,0.0
34,home,0,520,NA,0.0,home,0,520,NA,0.0
34,travel,520,570,walk,8.68056363377402,travel,520,715,walk,8.68056363377402
34,other,570,570,NA,0.0,other,715,715,NA,0.0
34,travel,570,620,walk,4.332271575051592,travel,715,805,walk,4.332271575051592
34,home,620,660,NA,0.0,home,805,805,NA,0.0
34,travel,660,665,car,1.3670091440806094,travel,805,809,car,1.3670091440806094
34,shop,665,675,NA,0.0,shop,809,809,NA,0.0
34,travel,675,680,car,2.3408759044426084,travel,809,818,car,2.3408759044426084
34,home,680,1440,NA,0.0,home,818,1440,NA,0.0
35,other,0,15,NA,0.0,other,0,10,NA,0.0
35,travel,15,30,car,5.9408892432025695,travel,10,21,car,5.9408892432025695
35,home,30,750,NA,0.0,home,21,759,NA,0.0
35,travel,750,780,bus,7.839782458716567,travel,759,779,car,7.839782458716567
35,shop,780,910,NA,0.0,shop,779,895,NA,0.0
35,travel,910,940,bus,8.349711492021745,travel,895,932,tram,8.349711492021745
35,home,940,1200,NA,0.0,home,932,1184,NA,0.0
35,travel,1200,1210,car,2.4797891039360582,travel,1184,1196,car,2.4797891039360582
35,other,1210,1440,NA,0.0,other,1196,1440,NA,0.0
36,home,0,370,NA,0.0,home,0,389,NA,0.0
36,travel,370,390,car,12.113220298500313,travel,389,416,car,12.113220298500313
36,work,390,1100,NA,0.0,work,416,1077,NA,0.0
36,travel,1100,1125,car,10.000607231563492,travel,1077,1107,car,10.000607231563492
36,home,1125,1440,NA,0.0,home,1107,1440,NA,0.0
37,other,0,130,NA,0.0,other,0,130,NA,0.0
37,travel,130,140,car,5.024651729224623,travel,130,142,car,5.024651729224623
37,home,140,1200,NA,0.0,home,142,1200,NA,0.0
37,travel,1200,1215,car,15.611397503106504,travel,1200,1228,car,15.611397503106504
37,other,1215,1275,NA,0.0,other,1228,1275,NA,0.0
37,travel,1275,1285,car,9.05560583285293,travel,1275,1294,car,9.05560583285293
37,other,1285,1440,NA,0.0,other,1294,1440,NA,0.0
38,home,0,370,NA,0.0,home,0,370,NA,0.0
38,travel,370,390,car,2.8098884319488557,travel,370,380,car,2.8098884319488557
38,work,390,1100,NA,0.0,work,380,1100,NA,0.0
38,travel,1100,1125,car,6.726199521274997,travel,1100,1146,car,6.726199521274997
38,home,1125,1440,NA,0.0,home,1146,1440,NA,0.0
39,other,0,130,NA,0.0,other,0,116,NA,0.0
39,travel,130,140,car,9.196340359077626,travel,116,136,car,9.196340359077626
39,home,140,1200,NA,0.0,home,136,1199,NA,0.0
39,travel,1200,1215,car,12.060868459609367,travel,1199,1220,car,12.060868459609367
39,other,1215,1275,NA,0.0,other,1220,1270,NA,0.0
39,travel,1275,1285,car,8.043946916781588,travel,1270,1289,car,8.043946916781588
39,other,1285,1440,NA,0.0,other,1289,1440,NA,0.0
40,home,0,370,NA,0.0,home,0,371,NA,0.0
40,travel,370,390,car,17.659730292391217,travel,371,396,car,17.659730292391217
40,work,390,1085,NA,0.0,work,396,1089,NA,0.0
40,travel,1085,1115,car,9.82302275269685,travel,1089,1119,car,9.82302275269685
40,home,1115,1440,NA,0.0,home,1119,1440,NA,0.0
41,home,0,580,NA,0.0,home,0,569,NA,0.0
41,travel,580,605,car,13.894065783635833,travel,569,591,car,13.894065783635833
41,escort_shop,605,735,NA,0.0,escort_shop,591,746,NA,0.0
41,travel,735,765,car,14.96673812158147,travel,746,765,car,14.96673812158147
41,home,765,840,NA,0.0,home,765,842,NA,0.0
41,travel,840,845,car,2.6645887112273066,travel,842,849,car,2.6645887112273066
41,other,845,885,NA,0.0,other,849,875,NA,0.0
41,travel,885,890,car,2.075843924768912,travel,875,880,car,2.075843924768912
41,home,890,1440,NA,0.0,home,880,1440,NA,0.0
42,other,0,20,NA,0.0,other,0,12,NA,0.0
42,travel,20,30,car,6.526381233118396,travel,12,27,car,6.526381233118396
42,home,30,580,NA,0.0,home,27,588,NA,0.0
42,travel,580,605,car,12.96859950033156,travel,588,622,car,12.96859950033156
42,other,605,735,NA,0.0,other,622,727,NA,0.0
42,travel,735,765,car,12.55558306093349,travel,727,750,car,12.55558306093349
42,home,765,840,NA,0.0,home,750,828,NA,0.0
42,travel,840,900,walk,4.233941189955288,travel,828,945,walk,4.233941189955288
42,other,900,900,NA,0.0,other,945,945,NA,0.0
42,travel,900,960,walk,4.217374657295697,travel,945,1062,walk,4.217374657295697
42,home,960,1440,NA,0.0,home,1062,1440,NA,0.0
43,home,0,370,NA,0.0,home,0,370,NA,0.0
43,travel,370,390,car,4.526015908058653,travel,370,380,car,4.526015908058653
43,work,390,1085,NA,0.0,work,380,1085,NA,0.0
43,travel,1085,1115,car,9.140068763417483,travel,1085,1146,car,9.140068763417483
43,home,1115,1440,NA,0.0,home,1146,1440,NA,0.0
44,home,0,580,NA,0.0,home,0,580,NA,0.0
44,travel,580,605,car,12.024247668773294,travel,580,610,car,12.024247668773294
44,escort_shop,605,735,NA,0.0,escort_shop,610,735,NA,0.0
44,travel,735,765,car,17.0634765801111,travel,735,771,car,17.0634765801111
44,home,765,840,NA,0.0,home,771,840,NA,0.0
44,travel,840,845,car,1.8438139819406945,travel,840,848,car,1.8438139819406945
44,other,845,885,NA,0.0,other,848,885,NA,0.0
44,travel,885,890,car,1.3250241507232992,travel,885,889,car,1.3250241507232992
44,home,890,1440,NA,0.0,home,889,1440,NA,0.0
45,other,0,20,NA,0.0,other,0,20,NA,0.0
45,travel,20,30,car,6.456444377519255,travel,20,30,car,6.456444377519255
45,home,30,580,NA,0.0,home,30,580,NA,0.0
45,travel,580,605,car,14.348802354203643,travel,580,619,car,14.348802354203643
45,other,605,735,NA,0.0,other,619,735,NA,0.0
45,travel,735,765,car,14.353632606417095,travel,735,768,car,14.353632606417095
45,home,765,840,NA,0.0,home,768,840,NA,0.0
45,travel,840,900,walk,7.075176676239258,travel,840,978,walk,7.075176676239258
45,other,900,900,NA,0.0,other,978,978,NA,0.0
45,travel,900,960,walk,7.149897901368942,travel,978,1121,walk,7.149897901368942
45,home,960,1440,NA,0.0,home,1121,1440,NA,0.0
46,home,0,370,NA,0.0,home,0,388,NA,0.0
46,travel,370,390,car,7.491172938866116,travel,388,404,car,7.491172938866116
46,work,390,1085,NA,0.0,work,404,1098,NA,0.0
46,travel,1085,1115,car,9.77287496082908,travel,1098,1130,car,9.77287496082908
46,home,1115,1440,NA,0.0,home,1130,1440,NA,0.0
47,home,0,580,NA,0.0,home,0,580,NA,0.0
47,travel,580,605,car,15.03811440972571,travel,580,605,car,15.03811440972571
47,escort_shop,605,735,NA,0.0,escort_shop,605,735,NA,0.0
47,travel,735,765,car,8.82539092618565,travel,735,751,car,8.82539092618565
47,home,765,840,NA,0.0,home,751,840,NA,0.0
47,travel,840,845,car,1.1446663269267598,travel,840,846,car,1.1446663269267598
47,other,845,885,NA,0.0,other,846,885,NA,0.0
47,travel,885,890,car,1.961865693670186,travel,885,891,car,1.961865693670186
47,home,890,1440,NA,0.0,home,891,1440,NA,0.0
48,other,0,20,NA,0.0,other,0,36,NA,0.0
48,travel,20,30,car,7.043730332714335,travel,36,49,car,7.043730332714335
48,home,30,580,NA,0.0,home,49,589,NA,0.0
48,travel,580,605,car,18.17311448266367,travel,589,616,car,18.17311448266367
48,other,605,735,NA,0.0,other,616,743,NA,0.0
48,travel,735,765,car,17.98453104754194,travel,743,771,car,17.98453104754194
48,home,765,840,NA,0.0,home,771,824,NA,0.0
48,travel,840,900,walk,8.059676978638784,travel,824,979,walk,8.059676978638784
48,other,900,900,NA,0.0,other,979,979,NA,0.0
48,travel,900,960,walk,6.993994638259312,travel,979,1111,walk,6.993994638259312
48,home,960,1440,NA,0.0,home,1111,1440,NA,0.0
49,home,0,370,NA,0.0,home,0,376,NA,0.0
49,travel,370,390,car,14.831943702697902,travel,376,398,car,14.831943702697902
49,work,390,1105,NA,0.0,work,398,1097,NA,0.0
49,travel,1105,1130,car,14.831943702697902,travel,1097,1131,car,14.831943702697902
49,home,1130,1440,NA,0.0,home,1131,1440,NA,0.0
50,home,0,370,NA,0.0,home,0,370,NA,0.0
50,travel,370,390,car,6.279430706680344,travel,370,387,car,6.279430706680344
50,work,390,1105,NA,0.0,work,387,1105,NA,0.0
50,travel,1105,1130,car,6.279430706680344,travel,1105,1148,car,6.279430706680344
50,home,1130,1440,NA,0.0,home,1148,1440,NA,0.0
51,home,0,370,NA,0.0,home,0,373,NA,0.0
51,travel,370,390,car,7.578841402219735,travel,373,389,car,7.578841402219735
51,work,390,1105,NA,0.0,work,389,1121,NA,0.0
51,travel,1105,1130,car,7.578841402219735,travel,1121,1153,car,7.578841402219735
51,home,1130,1440,NA,0.0,home,1153,1440,NA,0.0
52,home,0,370,NA,0.0,home,0,370,NA,0.0
52,travel,370,390,car,7.079314232325049,travel,370,430,bus,7.079314232325049
52,work,390,1085,NA,0.0,work,430,1085,NA,0.0
52,travel,1085,1115,car,7.079314232325049,travel,1085,1149,bus,7.079314232325049
52,home,1115,1440,NA,0.0,home,1149,1440,NA,0.0
53,home,0,505,NA,0.0,home,0,505,NA,0.0
53,travel,505,515,walk,3.0774707147266245,travel,505,557,bus,3.0774707147266245
53,education,515,900,NA,0.0,education,557,900,NA,0.0
53,travel,900,910,walk,3.0774707147266245,travel,900,979,walk,3.0774707147266245
53,home,910,1440,NA,0.0,home,979,1440,NA,0.0
54,home,0,370,NA,0.0,home,0,370,NA,0.0
54,travel,370,390,car,7.847330374082641,travel,370,389,car,7.847330374082641
54,work,390,1085,NA,0.0,work,389,1085,NA,0.0
54,travel,1085,1115,car,7.847330374082641,travel,1085,1119,car,7.847330374082641
54,home,1115,1440,NA,0.0,home,1119,1440,NA,0.0
55,home,0,505,NA,0.0,home,0,505,NA,0.0
55,travel,505,515,walk,0.6413251905234972,travel,505,524,walk,0.6413251905234972
55,education,515,900,NA,0.0,education,524,900,NA,0.0
55,travel,900,910,walk,0.6413251905234972,travel,900,918,walk,0.6413251905234972
55,home,910,1440,NA,0.0,home,918,1440,NA,0.0
56,home,0,370,NA,0.0,home,0,370,NA,0.0
56,travel,370,390,car,6.844596189695927,travel,370,386,car,6.844596189695927
56,work,390,1085,NA,0.0,work,386,1077,NA,0.0
56,travel,1085,1115,car,6.844596189695927,travel,1077,1100,car,6.844596189695927
56,home,1115,1440,NA,0.0,home,1100,1440,NA,0.0
57,home,0,505,NA,0.0,home,0,505,NA,0.0
57,travel,505,515,walk,0.38601683901094264,travel,505,514,walk,0.38601683901094264
57,education,515,900,NA,0.0,education,514,900,NA,0.0
57,travel,900,910,walk,0.38601683901094264,travel,900,909,walk,0.38601683901094264
57,home,910,1440,NA,0.0,home,909,1440,NA,0.0
58,home,0,855,NA,0.0,home,0,855,NA,0.0
58,travel,855,885,bus,4.455362611505376,travel,855,938,walk,4.455362611505376
58,other,885,960,NA,0.0,other,938,960,NA,0.0
58,travel,960,980,bus,4.455362611505376,travel,960,1041,walk,4.455362611505376
58,home,980,1440,NA,0.0,home,1041,1440,NA,0.0
59,home,0,855,NA,0.0,home,0,855,NA,0.0
59,travel,855,885,bus,6.549997938930974,travel,855,990,walk,6.549997938930974
59,other,885,960,NA,0.0,other,990,990,NA,0.0
59,travel,960,980,bus,6.549997938930974,travel,990,1091,bus,6.549997938930974
59,home,980,1440,NA,0.0,home,1091,1440,NA,0.0
60,home,0,500,NA,0.0,home,0,492,NA,0.0
60,travel,500,520,walk,0.3927658335446198,travel,492,509,walk,0.3927658335446198
60,work,520,900,NA,0.0,work,509,890,NA,0.0
60,travel,900,920,walk,0.3927658335446198,travel,890,905,walk,0.3927658335446198
60,home,920,1440,NA,0.0,home,905,1440,NA,0.0
61,home,0,480,NA,0.0,home,0,480,NA,0.0
61,travel,480,495,walk,0.8029906599705877,travel,480,500,walk,0.8029906599705877
61,education,495,900,NA,0.0,education,500,900,NA,0.0
61,travel,900,915,walk,0.8029906599705877,travel,900,920,walk,0.8029906599705877
61,home,915,1440,NA,0.0,home,920,1440,NA,0.0
62,home,0,525,NA,0.0,home,0,521,NA,0.0
62,travel,525,532,walk,0.8029906599705877,travel,521,542,walk,0.8029906599705877
62,education,532,930,NA,0.0,education,542,937,NA,0.0
62,travel,930,935,walk,0.8029906599705877,travel,937,957,walk,0.8029906599705877
62,home,935,1440,NA,0.0,home,957,1440,NA,0.0
63,home,0,750,NA,0.0,home,0,750,NA,0.0
63,travel,750,765,bus,6.069112373321159,travel,750,875,walk,6.069112373321159
63,shop,765,850,NA,0.0,shop,875,875,NA,0.0
63,travel,850,865,bus,6.069112373321159,travel,875,994,bus,6.069112373321159
63,home,865,1440,NA,0.0,home,994,1440,NA,0.0
64,home,0,750,NA,0.0,home,0,748,NA,0.0
64,travel,750,765,bus,1.762668998989884,travel,748,766,bus,1.762668998989884
64,shop,765,850,NA,0.0,shop,766,842,NA,0.0
64,travel,850,865,bus,1.762668998989884,travel,842,863,car,1.762668998989884
64,home,865,1440,NA,0.0,home,863,1440,NA,0.0
65,home,0,565,NA,0.0,home,0,559,NA,0.0
65,travel,565,585,bus,0.2586986664055306,travel,559,564,walk,0.2586986664055306
65,shop,585,630,NA,0.0,shop,564,642,NA,0.0
65,travel,630,650,bus,0.2586986664055306,travel,642,648,walk,0.2586986664055306
65,home,650,1440,NA,0.0,home,648,1440,NA,0.0
66,home,0,565,NA,0.0,home,0,565,NA,0.0
66,travel,565,585,bus,7.466142042581295,travel,565,639,bus,7.466142042581295
66,shop,585,630,NA,0.0,shop,639,639,NA,0.0
66,travel,630,650,bus,7.466142042581295,travel,639,717,bus,7.466142042581295
66,home,650,1440,NA,0.0,home,717,1440,NA,0.0
67,home,0,555,NA,0.0,home,0,568,NA,0.0
67,travel,555,570,walk,4.953468380841852,travel,568,740,walk,4.953468380841852
67,other,570,585,NA,0.0,other,740,740,NA,0.0
67,travel,585,590,bus,4.953468380841852,travel,740,869,walk,4.953468380841852
67,home,590,1440,NA,0.0,home,869,1440,NA,0.0
68,home,0,555,NA,0.0,home,0,548,NA,0.0
68,travel,555,570,walk,5.052385674114754,travel,548,581,bus,5.052385674114754
68,other,570,585,NA,0.0,other,581,581,NA,0.0
68,travel,585,590,bus,5.052385674114754,travel,581,611,bus,5.052385674114754
68,home,590,1440,NA,0.0,home,611,1440,NA,0.0
69,home,0,420,NA,0.0,home,0,432,NA,0.0
69,travel,420,431,car,49.512692362665966,travel,432,510,car,49.512692362665966
69,work,431,1440,NA,0.0,work,510,1440,NA,0.0
70,business,0,450,NA,0.0,business,0,430,NA,0.0
70,travel,450,480,car,25.129211089885015,travel,430,460,car,25.129211089885015
70,business,480,1440,NA,0.0,business,460,1440,NA,0.0
71,home,0,573,NA,0.0,home,0,573,NA,0.0
71,travel,573,598,car,5.827361752971923,travel,573,633,bus,5.827361752971923
71,shop,598,660,NA,0.0,shop,633,660,NA,0.0
71,travel,660,680,car,5.827361752971923,travel,660,782,walk,5.827361752971923
71,home,680,1440,NA,0.0,home,782,1440,NA,0.0
72,home,0,685,NA,0.0,home,0,671,NA,0.0
72,travel,685,690,car,2.5329344642133953,travel,671,677,car,2.5329344642133953
72,shop,690,705,NA,0.0,shop,677,705,NA,0.0
72,travel,705,730,car,3.5533299874906072,travel,705,715,car,3.5533299874906072
72,shop,730,890,NA,0.0,shop,715,875,NA,0.0
72,travel,890,915,car,4.786932734016637,travel,875,889,car,4.786932734016637
72,home,915,1440,NA,0.0,home,889,1440,NA,0.0
73,home,0,685,NA,0.0,home,0,679,NA,0.0
73,travel,685,690,car,1.6577243437918139,travel,679,720,walk,1.6577243437918139
73,shop,690,705,NA,0.0,shop,720,720,NA,0.0
73,travel,705,730,car,1.5297718784184786,travel,720,754,walk,1.5297718784184786
73,shop,730,890,NA,0.0,shop,754,895,NA,0.0
73,travel,890,915,car,2.989070758613787,travel,895,964,walk,2.989070758613787
73,home,915,1440,NA,0.0,home,964,1440,NA,0.0
74,home,0,600,NA,0.0,home,0,591,NA,0.0
74,travel,600,612,walk,1.6943922214174616,travel,591,630,walk,1.6943922214174616
74,shop,612,620,NA,0.0,shop,630,630,NA,0.0
74,travel,620,630,walk,1.6943922214174616,travel,630,665,walk,1.6943922214174616
74,home,630,840,NA,0.0,home,665,848,NA,0.0
74,travel,840,847,car,4.755592181842341,travel,848,863,car,4.755592181842341
74,other,847,960,NA,0.0,other,863,961,NA,0.0
74,travel,960,970,car,4.755592181842341,travel,961,977,car,4.755592181842341
74,home,970,1440,NA,0.0,home,977,1440,NA,0.0
75,home,0,1225,NA,0.0,home,0,1223,NA,0.0
75,travel,1225,1255,car,11.964699160446951,travel,1223,1281,rail,11.964699160446951
75,work,1255,1140,NA,0.0,work,1281,1281,NA,0.0
75,travel,1140,1170,car,11.964699160446951,travel,1281,1401,bus,11.964699160446951
75,home,1170,1440,NA,0.0,home,1401,1440,NA,0.0
76,home,0,615,NA,0.0,home,0,603,NA,0.0
76,travel,615,630,car,11.646736538618876,travel,603,628,car,11.646736538618876
76,shop,630,780,NA,0.0,shop,628,777,NA,0.0
76,travel,780,795,car,11.646736538618876,travel,777,794,car,11.646736538618876
76,home,795,1440,NA,0.0,home,794,1440,NA,0.0
77,home,0,615,NA,0.0,home,0,618,NA,0.0
77,travel,615,630,car,18.76725707182592,travel,618,645,car,18.76725707182592
77,shop,630,780,NA,0.0,shop,645,782,NA,0.0
77,travel,780,795,car,18.76725707182592,travel,782,803,car,18.76725707182592
77,home,795,1440,NA,0.0,home,803,1440,NA,0.0
78,home,0,690,NA,0.0,home,0,688,NA,0.0
78,travel,690,705,car,16.710829662228026,travel,688,709,car,16.710829662228026
78,other,705,930,NA,0.0,other,709,915,NA,0.0
78,travel,930,945,car,16.710829662228026,travel,915,937,car,16.710829662228026
78,home,945,1440,NA,0.0,home,937,1440,NA,0.0
79,home,0,760,NA,0.0,home,0,760,NA,0.0
79,travel,760,770,car,2.008746126318605,travel,760,769,car,2.008746126318605
79,other,770,930,NA,0.0,other,769,930,NA,0.0
79,travel,930,940,car,2.008746126318605,travel,930,939,car,2.008746126318605
79,home,940,1110,NA,0.0,home,939,1110,NA,0.0
79,travel,1110,1130,car,17.23548995532184,travel,1110,1135,car,17.23548995532184
79,other,1130,1365,NA,0.0,other,1135,1365,NA,0.0
79,travel,1365,1383,car,17.23548995532184,travel,1365,1386,car,17.23548995532184
79,home,1383,1440,NA,0.0,home,1386,1440,NA,0.0
80,home,0,465,NA,0.0,home,0,462,NA,0.0
80,travel,465,480,car,7.678548430530343,travel,462,496,car,7.678548430530343
80,work,480,960,NA,0.0,work,496,951,NA,0.0
80,travel,960,975,car,7.678548430530343,travel,951,996,car,7.678548430530343
80,home,975,1080,NA,0.0,home,996,1097,NA,0.0
80,travel,1080,1085,car,1.869556631931753,travel,1097,1162,walk,1.869556631931753
80,escort_work,1085,1085,NA,0.0,escort_work,1162,1162,NA,0.0
80,travel,1085,1090,car,1.869556631931753,travel,1162,1188,car,1.869556631931753
80,home,1090,1440,NA,0.0,home,1188,1440,NA,0.0
81,home,0,715,NA,0.0,home,0,697,NA,0.0
81,travel,715,720,car,2.9664244470405783,travel,697,708,car,2.9664244470405783
81,work,720,1085,NA,0.0,work,708,1115,NA,0.0
81,travel,1085,1090,car,2.9664244470405783,travel,1115,1124,car,2.9664244470405783
81,home,1090,1440,NA,0.0,home,1124,1440,NA,0.0
82,home,0,465,NA,0.0,home,0,465,NA,0.0
82,travel,465,480,car,7.1354273873398775,travel,465,495,car,7.1354273873398775
82,work,480,960,NA,0.0,work,495,960,NA,0.0
82,travel,960,975,car,7.1354273873398775,travel,960,986,car,7.1354273873398775
82,home,975,1080,NA,0.0,home,986,1080,NA,0.0
82,travel,1080,1085,car,1.8161745510825769,travel,1080,1104,car,1.8161745510825769
82,escort_work,1085,1085,NA,0.0,escort_work,1104,1104,NA,0.0
82,travel,1085,1090,car,1.8161745510825769,travel,1104,1114,car,1.8161745510825769
82,home,1090,1440,NA,0.0,home,1114,1440,NA,0.0
83,home,0,715,NA,0.0,home,0,715,NA,0.0
83,travel,715,720,car,3.07704013623482,travel,715,724,car,3.07704013623482
83,work,720,1085,NA,0.0,work,724,1085,NA,0.0
83,travel,1085,1090,car,3.07704013623482,travel,1085,1092,car,3.07704013623482
83,home,1090,1440,NA,0.0,home,1092,1440,NA,0.0
84,home,0,750,NA,0.0,home,0,743,NA,0.0
84,travel,750,765,walk,1.525170482274031,travel,743,783,walk,1.525170482274031
84,work,765,1320,NA,0.0,work,783,1311,NA,0.0
84,travel,1320,1335,walk,1.525170482274031,travel,1311,1348,walk,1.525170482274031
84,home,1335,1440,NA,0.0,home,1348,1440,NA,0.0
85,home,0,765,NA,0.0,home,0,754,NA,0.0
85,travel,765,780,walk,2.2269952851319643,travel,754,812,walk,2.2269952851319643
85,work,780,1320,NA,0.0,work,812,1322,NA,0.0
85,travel,1320,1335,walk,2.2269952851319643,travel,1322,1396,walk,2.2269952851319643
85,home,1335,1440,NA,0.0,home,1396,1440,NA,0.0
86,home,0,765,NA,0.0,home,0,765,NA,0.0
86,travel,765,780,walk,3.1726564579229186,travel,765,829,walk,3.1726564579229186
86,work,780,1320,NA,0.0,work,829,1305,NA,0.0
86,travel,1320,1335,walk,3.1726564579229186,travel,1305,1366,walk,3.1726564579229186
86,home,1335,1440,NA,0.0,home,1366,1440,NA,0.0
87,home,0,765,NA,0.0,home,0,765,NA,0.0
87,travel,765,780,walk,0.6925640764579116,travel,765,788,walk,0.6925640764579116
87,work,780,1320,NA,0.0,work,788,1320,NA,0.0
87,travel,1320,1335,walk,0.6925640764579116,travel,1320,1340,walk,0.6925640764579116
87,home,1335,1440,NA,0.0,home,1340,1440,NA,0.0
88,home,0,720,NA,0.0,home,0,720,NA,0.0
88,travel,720,740,car,2.580940332514489,travel,720,730,car,2.580940332514489
88,shop,740,870,NA,0.0,shop,730,863,NA,0.0
88,travel,870,890,car,2.580940332514489,travel,863,871,car,2.580940332514489
88,home,890,980,NA,0.0,home,871,968,NA,0.0
88,travel,980,1005,car,4.3782742033819675,travel,968,990,car,4.3782742033819675
88,work,1005,1260,NA,0.0,work,990,1260,NA,0.0
88,travel,1260,1275,car,4.3782742033819675,travel,1260,1271,car,4.3782742033819675
88,home,1275,1440,NA,0.0,home,1271,1440,NA,0.0
89,home,0,465,NA,0.0,home,0,460,NA,0.0
89,travel,465,475,car,2.2776623981617643,travel,460,474,car,2.2776623981617643
89,work,475,1050,NA,0.0,work,474,1048,NA,0.0
89,travel,1050,1055,car,2.2776623981617643,travel,1048,1069,car,2.2776623981617643
89,home,1055,1440,NA,0.0,home,1069,1440,NA,0.0
90,home,0,465,NA,0.0,home,0,452,NA,0.0
90,travel,465,475,car,2.9850087102050473,travel,452,464,car,2.9850087102050473
90,work,475,1050,NA,0.0,work,464,1041,NA,0.0
90,travel,1050,1055,car,2.9850087102050473,travel,1041,1062,car,2.9850087102050473
90,home,1055,1215,NA,0.0,home,1062,1203,NA,0.0
90,travel,1215,1220,car,3.0625644483014556,travel,1203,1213,car,3.0625644483014556
90,other,1220,1230,NA,0.0,other,1213,1237,NA,0.0
90,travel,1230,1235,car,3.0625644483014556,travel,1237,1246,car,3.0625644483014556
90,home,1235,1440,NA,0.0,home,1246,1440,NA,0.0
91,home,0,1105,NA,0.0,home,0,1119,NA,0.0
91,travel,1105,1110,car,1.1406454313238623,travel,1119,1130,car,1.1406454313238623
91,other,1110,1235,NA,0.0,other,1130,1233,NA,0.0
91,travel,1235,1240,car,1.1406454313238623,travel,1233,1236,car,1.1406454313238623
91,home,1240,1250,NA,0.0,home,1236,1241,NA,0.0
91,travel,1250,1256,car,5.804857018049626,travel,1241,1250,car,5.804857018049626
91,escort_home,1256,1270,NA,0.0,escort_home,1250,1268,NA,0.0
91,travel,1270,1290,car,13.649556073367368,travel,1268,1290,car,13.649556073367368
91,other,1290,1410,NA,0.0,other,1290,1406,NA,0.0
91,travel,1410,1425,car,9.190725869048647,travel,1406,1425,car,9.190725869048647
91,home,1425,1440,NA,0.0,home,1425,1440,NA,0.0
92,home,0,465,NA,0.0,home,0,465,NA,0.0
92,travel,465,475,car,1.7748952081742742,travel,465,479,car,1.7748952081742742
92,work,475,1050,NA,0.0,work,479,1050,NA,0.0
92,travel,1050,1055,car,1.7748952081742742,travel,1050,1072,car,1.7748952081742742
92,home,1055,1250,NA,0.0,home,1072,1250,NA,0.0
92,travel,1250,1256,car,3.8954913682358483,travel,1250,1258,car,3.8954913682358483
92,escort_home,1256,1256,NA,0.0,escort_home,1258,1258,NA,0.0
92,travel,1256,1264,car,3.8954913682358483,travel,1258,1266,car,3.8954913682358483
92,home,1264,1440,NA,0.0,home,1266,1440,NA,0.0
93,home,0,465,NA,0.0,home,0,465,NA,0.0
93,travel,465,475,car,7.705375915554023,travel,465,513,bus,7.705375915554023
93,work,475,1050,NA,0.0,work,513,1050,NA,0.0
93,travel,1050,1055,car,7.705375915554023,travel,1050,1104,bus,7.705375915554023
93,home,1055,420,NA,0.0,home,1104,1104,NA,0.0
93,travel,420,435,car,7.253818994157491,travel,1104,1121,car,7.253818994157491
93,visit,435,1260,NA,0.0,visit,1121,1260,NA,0.0
93,travel,1260,1275,car,7.253818994157491,travel,1260,1271,car,7.253818994157491
93,home,1275,1440,NA,0.0,home,1271,1440,NA,0.0
94,home,0,435,NA,0.0,home,0,435,NA,0.0
94,travel,435,441,car,3.6831422725710716,travel,435,445,car,3.6831422725710716
94,other,441,520,NA,0.0,other,445,519,NA,0.0
94,travel,520,526,car,3.6831422725710716,travel,519,533,car,3.6831422725710716
94,home,526,800,NA,0.0,home,533,808,NA,0.0
94,travel,800,806,car,5.41341463403645,travel,808,821,car,5.41341463403645
94,other,806,810,NA,0.0,other,821,821,NA,0.0
94,travel,810,816,car,5.41341463403645,travel,821,836,car,5.41341463403645
94,home,816,935,NA,0.0,home,836,921,NA,0.0
94,travel,935,970,bus,9.326111729976217,travel,921,997,bus,9.326111729976217
94,work,970,1260,NA,0.0,work,997,1248,NA,0.0
94,travel,1260,1328,car,1.7405269317077516,travel,1248,1254,car,1.7405269317077516
94,visit,1328,1438,NA,0.0,visit,1254,1435,NA,0.0
94,travel,1438,1495,car,9.613101580655433,travel,1435,1453,car,9.613101580655433
94,home,1495,1440,NA,0.0,home,1453,1440,NA,0.0
95,home,0,465,NA,0.0,home,0,465,NA,0.0
95,travel,465,475,car,3.052281769430863,travel,465,477,car,3.052281769430863
95,work,475,1020,NA,0.0,work,477,1020,NA,0.0
95,travel,1020,1030,car,0.2420743687382041,travel,1020,1021,car,0.2420743687382041
95,shop,1030,1045,NA,0.0,shop,1021,1045,NA,0.0
95,travel,1045,1050,car,3.280548734586944,travel,1045,1056,car,3.280548734586944
95,home,1050,1245,NA,0.0,home,1056,1245,NA,0.0
95,travel,1245,1260,car,9.125710328516897,travel,1245,1267,car,9.125710328516897
95,escort_work,1260,1260,NA,0.0,escort_work,1267,1267,NA,0.0
95,travel,1260,1328,car,54.26537887087862,travel,1267,1341,car,54.26537887087862
95,visit,1328,1438,NA,0.0,visit,1341,1438,NA,0.0
95,travel,1438,1495,car,63.365532373680885,travel,1438,1493,car,63.365532373680885
95,home,1495,1440,NA,0.0,home,1493,1440,NA,0.0
96,home,0,465,NA,0.0,home,0,480,NA,0.0
96,travel,465,475,car,6.96959001663656,travel,480,561,car,6.96959001663656
96,work,475,1020,NA,0.0,work,561,1013,NA,0.0
96,travel,1020,1030,car,3.8854626494151248,travel,1013,1027,car,3.8854626494151248
96,shop,1030,1045,NA,0.0,shop,1027,1050,NA,0.0
96,travel,1045,1050,car,3.580513510657375,travel,1050,1064,car,3.580513510657375
96,home,1050,1440,NA,0.0,home,1064,1440,NA,0.0
97,home,0,1105,NA,0.0,home,0,1105,NA,0.0
97,travel,1105,1115,car,7.396373773681263,travel,1105,1123,car,7.396373773681263
97,shop,1115,1140,NA,0.0,shop,1123,1140,NA,0.0
97,travel,1140,1150,car,7.396373773681263,travel,1140,1158,car,7.396373773681263
97,home,1150,1185,NA,0.0,home,1158,1185,NA,0.0
97,travel,1185,1191,car,2.0713710435361405,travel,1185,1188,car,2.0713710435361405
97,visit,1191,1314,NA,0.0,visit,1188,1314,NA,0.0
97,travel,1314,1320,car,2.0713710435361405,travel,1314,1317,car,2.0713710435361405
97,home,1320,1440,NA,0.0,home,1317,1440,NA,0.0
98,home,0,465,NA,0.0,home,0,465,NA,0.0
98,travel,465,475,car,2.4470171638139364,travel,465,470,car,2.4470171638139364
98,work,475,1050,NA,0.0,work,470,1050,NA,0.0
98,travel,1050,1055,car,2.4470171638139364,travel,1050,1059,car,2.4470171638139364
98,home,1055,1440,NA,0.0,home,1059,1440,NA,0.0
99,home,0,465,NA,0.0,home,0,465,NA,0.0
99,travel,465,475,car,4.657524342394788,travel,465,471,car,4.657524342394788
99,work,475,1050,NA,0.0,work,471,1050,NA,0.0
99,travel,1050,1055,car,4.657524342394788,travel,1050,1056,car,4.657524342394788
99,home,1055,1105,NA,0.0,home,1056,1105,NA,0.0
99,travel,1105,1115,car,7.35328674811475,travel,1105,1123,car,7.35328674811475
99,shop,1115,1140,NA,0.0,shop,1123,1140,NA,0.0
99,travel,1140,1150,car,7.35328674811475,travel,1140,1155,car,7.35328674811475
99,home,1150,1440,NA,0.0,home,1155,1440,NA,0.0
100,home,0,1105,NA,0.0,home,0,1087,NA,0.0
100,travel,1105,1115,car,9.878422191828005,travel,1087,1109,car,9.878422191828005
100,shop,1115,1140,NA,0.0,shop,1109,1125,NA,0.0
100,travel,1140,1150,car,9.878422191828005,travel,1125,1144,car,9.878422191828005
100,home,1150,1185,NA,0.0,home,1144,1186,NA,0.0
100,travel,1185,1191,car,5.8162896248381575,travel,1186,1197,car,5.8162896248381575
100,visit,1191,1314,NA,0.0,visit,1197,1314,NA,0.0
100,travel,1314,1320,car,5.8162896248381575,travel,1314,1325,car,5.8162896248381575
100,home,1320,1440,NA,0.0,home,1325,1440,NA,0.0
101,home,0,465,NA,0.0,home,0,477,NA,0.0
101,travel,465,475,car,5.901442874416391,travel,477,493,car,5.901442874416391
101,work,475,1050,NA,0.0,work,493,1059,NA,0.0
101,travel,1050,1055,car,5.901442874416391,travel,1059,1076,car,5.901442874416391
101,home,1055,1440,NA,0.0,home,1076,1440,NA,0.0
102,home,0,465,NA,0.0,home,0,465,NA,0.0
102,travel,465,475,car,5.901442874416391,travel,465,480,car,5.901442874416391
102,work,475,1050,NA,0.0,work,480,1050,NA,0.0
102,travel,1050,1055,car,5.901442874416391,travel,1050,1064,car,5.901442874416391
102,home,1055,1105,NA,0.0,home,1064,1105,NA,0.0
102,travel,1105,1115,car,12.54536779054325,travel,1105,1127,car,12.54536779054325
102,shop,1115,1140,NA,0.0,shop,1127,1140,NA,0.0
102,travel,1140,1150,car,12.54536779054325,travel,1140,1162,car,12.54536779054325
102,home,1150,1440,NA,0.0,home,1162,1440,NA,0.0
103,home,0,970,NA,0.0,home,0,958,NA,0.0
103,travel,970,980,car,6.528792997177963,travel,958,978,car,6.528792997177963
103,other,980,985,NA,0.0,other,978,997,NA,0.0
103,travel,985,991,car,6.210982611471392,travel,997,1015,car,6.210982611471392
103,work,991,1257,NA,0.0,work,1015,1243,NA,0.0
103,travel,1257,1269,car,12.001850065719035,travel,1243,1271,car,12.001850065719035
103,home,1269,1440,NA,0.0,home,1271,1440,NA,0.0
104,home,0,465,NA,0.0,home,0,465,NA,0.0
104,travel,465,475,car,5.49014325860446,travel,465,482,car,5.49014325860446
104,work,475,1050,NA,0.0,work,482,1050,NA,0.0
104,travel,1050,1055,car,5.49014325860446,travel,1050,1068,car,5.49014325860446
104,home,1055,1125,NA,0.0,home,1068,1125,NA,0.0
104,travel,1125,1135,car,2.9636425223025804,travel,1125,1135,car,2.9636425223025804
104,visit,1135,1170,NA,0.0,visit,1135,1170,NA,0.0
104,travel,1170,1180,car,2.9636425223025804,travel,1170,1180,car,2.9636425223025804
104,home,1180,1440,NA,0.0,home,1180,1440,NA,0.0
105,home,0,465,NA,0.0,home,0,461,NA,0.0
105,travel,465,475,car,5.270348090970843,travel,461,471,car,5.270348090970843
105,work,475,1050,NA,0.0,work,471,1043,NA,0.0
105,travel,1050,1055,car,5.270348090970843,travel,1043,1054,car,5.270348090970843
105,home,1055,1055,NA,0.0,home,1054,1054,NA,0.0
105,travel,1055,1060,car,3.0363815636378773,travel,1054,1063,car,3.0363815636378773
105,shop,1060,1065,NA,0.0,shop,1063,1063,NA,0.0
105,travel,1065,1070,car,3.0363815636378773,travel,1063,1080,car,3.0363815636378773
105,home,1070,1440,NA,0.0,home,1080,1440,NA,0.0
106,home,0,970,NA,0.0,home,0,964,NA,0.0
106,travel,970,980,car,7.836160858481659,travel,964,987,car,7.836160858481659
106,other,980,985,NA,0.0,other,987,987,NA,0.0
106,travel,985,991,car,8.076899714618227,travel,987,1008,car,8.076899714618227
106,work,991,1257,NA,0.0,work,1008,1270,NA,0.0
106,travel,1257,1269,car,15.029520617770881,travel,1270,1289,car,15.029520617770881
106,home,1269,1440,NA,0.0,home,1289,1440,NA,0.0
107,home,0,465,NA,0.0,home,0,473,NA,0.0
107,travel,465,475,car,9.302327504447476,travel,473,511,car,9.302327504447476
107,work,475,1050,NA,0.0,work,511,1061,NA,0.0
107,travel,1050,1055,car,9.302327504447476,travel,1061,1094,car,9.302327504447476
107,home,1055,1125,NA,0.0,home,1094,1140,NA,0.0
107,travel,1125,1135,car,9.98955679697553,travel,1140,1171,car,9.98955679697553
107,visit,1135,1170,NA,0.0,visit,1171,1179,NA,0.0
107,travel,1170,1180,car,9.98955679697553,travel,1179,1199,car,9.98955679697553
107,home,1180,1440,NA,0.0,home,1199,1440,NA,0.0
108,home,0,465,NA,0.0,home,0,465,NA,0.0
108,travel,465,475,car,9.302327504447476,travel,465,509,car,9.302327504447476
108,work,475,1050,NA,0.0,work,509,1050,NA,0.0
108,travel,1050,1055,car,9.302327504447476,travel,1050,1083,car,9.302327504447476
108,home,1055,1055,NA,0.0,home,1083,1083,NA,0.0
108,travel,1055,1060,car,1.008678838877866,travel,1083,1086,car,1.008678838877866
108,shop,1060,1065,NA,0.0,shop,1086,1086,NA,0.0
108,travel,1065,1070,car,1.008678838877866,travel,1086,1089,car,1.008678838877866
108,home,1070,1440,NA,0.0,home,1089,1440,NA,0.0
109,home,0,390,NA,0.0,home,0,390,NA,0.0
109,travel,390,395,car,6.088425494329384,travel,390,401,car,6.088425494329384
109,shop,395,400,NA,0.0,shop,401,401,NA,0.0
109,travel,400,405,car,6.088425494329384,travel,401,412,car,6.088425494329384
109,home,405,540,NA,0.0,home,412,540,NA,0.0
109,travel,540,550,car,1.9350723500685962,travel,540,546,car,1.9350723500685962
109,shop,550,600,NA,0.0,shop,546,600,NA,0.0
109,travel,600,610,car,1.9350723500685962,travel,600,606,car,1.9350723500685962
109,home,610,690,NA,0.0,home,606,690,NA,0.0
109,travel,690,710,walk,1.381023533470737,travel,690,720,walk,1.381023533470737
109,other,710,770,NA,0.0,other,720,770,NA,0.0
109,travel,770,795,walk,1.381023533470737,travel,770,800,walk,1.381023533470737
109,home,795,1440,NA,0.0,home,800,1440,NA,0.0
110,home,0,500,NA,0.0,home,0,479,NA,0.0
110,travel,500,505,car,0.5371079965891404,travel,479,482,car,0.5371079965891404
110,work,505,550,NA,0.0,work,482,566,NA,0.0
110,travel,550,555,car,5.755132405079835,travel,566,579,car,5.755132405079835
110,business,555,730,NA,0.0,business,579,707,NA,0.0
110,travel,730,735,car,5.755132405079835,travel,707,718,car,5.755132405079835
110,work,735,1020,NA,0.0,work,718,1007,NA,0.0
110,travel,1020,1030,car,0.5371079965891404,travel,1007,1011,car,0.5371079965891404
110,home,1030,1440,NA,0.0,home,1011,1440,NA,0.0
111,home,0,420,NA,0.0,home,0,417,NA,0.0
111,travel,420,425,car,0.6531041264607046,travel,417,419,car,0.6531041264607046
111,shop,425,430,NA,0.0,shop,419,421,NA,0.0
111,travel,430,435,car,0.6531041264607046,travel,421,424,car,0.6531041264607046
111,home,435,570,NA,0.0,home,424,587,NA,0.0
111,travel,570,580,car,1.0870312782988354,travel,587,595,car,1.0870312782988354
111,shop,580,600,NA,0.0,shop,595,599,NA,0.0
111,travel,600,610,car,1.0870312782988354,travel,599,603,car,1.0870312782988354
111,home,610,1440,NA,0.0,home,603,1440,NA,0.0
112,home,0,500,NA,0.0,home,0,483,NA,0.0
112,travel,500,505,car,0.663267668441633,travel,483,500,walk,0.663267668441633
112,work,505,990,NA,0.0,work,500,974,NA,0.0
112,travel,990,995,car,0.663267668441633,travel,974,987,walk,0.663267668441633
112,home,995,1440,NA,0.0,home,987,1440,NA,0.0
113,home,0,420,NA,0.0,home,0,411,NA,0.0
113,travel,420,425,car,1.9074433150162027,travel,411,418,car,1.9074433150162027
113,shop,425,430,NA,0.0,shop,418,418,NA,0.0
113,travel,430,435,car,1.9074433150162027,travel,418,426,car,1.9074433150162027
113,home,435,570,NA,0.0,home,426,565,NA,0.0
113,travel,570,575,car,3.236279963167587,travel,565,578,car,3.236279963167587
113,shop,575,600,NA,0.0,shop,578,588,NA,0.0
113,travel,600,615,car,4.509451851389479,travel,588,598,car,4.509451851389479
113,shop,615,660,NA,0.0,shop,598,662,NA,0.0
113,travel,660,675,car,4.199547594682075,travel,662,672,car,4.199547594682075
113,home,675,720,NA,0.0,home,672,716,NA,0.0
113,travel,720,725,car,1.9361508205715794,travel,716,720,car,1.9361508205715794
113,visit,725,795,NA,0.0,visit,720,810,NA,0.0
113,travel,795,800,car,1.9361508205715794,travel,810,815,car,1.9361508205715794
113,home,800,1440,NA,0.0,home,815,1440,NA,0.0
114,home,0,500,NA,0.0,home,0,489,NA,0.0
114,travel,500,505,car,4.199547594682075,travel,489,507,car,4.199547594682075
114,work,505,545,NA,0.0,work,507,527,NA,0.0
114,travel,545,550,car,4.216881549201969,travel,527,542,car,4.216881549201969
114,business,550,900,NA,0.0,business,542,894,NA,0.0
114,travel,900,915,car,4.216881549201969,travel,894,907,car,4.216881549201969
114,work,915,1025,NA,0.0,work,907,1049,NA,0.0
114,travel,1025,1030,car,4.199547594682075,travel,1049,1064,car,4.199547594682075
114,home,1030,1440,NA,0.0,home,1064,1440,NA,0.0
115,home,0,500,NA,0.0,home,0,470,NA,0.0
115,travel,500,505,car,0.9994123273204107,travel,470,475,car,0.9994123273204107
115,work,505,545,NA,0.0,work,475,557,NA,0.0
115,travel,545,550,car,2.979694615224856,travel,557,573,car,2.979694615224856
115,business,550,900,NA,0.0,business,573,894,NA,0.0
115,travel,900,915,car,2.979694615224856,travel,894,904,car,2.979694615224856
115,work,915,1025,NA,0.0,work,904,1047,NA,0.0
115,travel,1025,1030,car,0.9994123273204107,travel,1047,1058,car,0.9994123273204107
115,home,1030,1440,NA,0.0,home,1058,1440,NA,0.0
116,home,0,470,NA,0.0,home,0,470,NA,0.0
116,travel,470,530,car,36.08291935251359,travel,470,546,car,36.08291935251359
116,work,530,1020,NA,0.0,work,546,1020,NA,0.0
116,travel,1020,1080,car,36.08291935251359,travel,1020,1116,car,36.08291935251359
116,home,1080,1440,NA,0.0,home,1116,1440,NA,0.0
117,home,0,405,NA,0.0,home,0,405,NA,0.0
117,travel,405,635,rail,30.745580527939296,travel,405,534,rail,30.745580527939296
117,business,635,780,NA,0.0,business,534,780,NA,0.0
117,travel,780,1040,rail,30.745580527939296,travel,780,872,rail,30.745580527939296
117,home,1040,1140,NA,0.0,home,872,1140,NA,0.0
117,travel,1140,1340,car,0.0,travel,1140,1140,car,0.0
117,home,1340,1440,NA,0.0,home,1140,1440,NA,0.0
118,home,0,470,NA,0.0,home,0,470,NA,0.0
118,travel,470,530,car,36.157622833919824,travel,470,602,car,36.157622833919824
118,work,530,1020,NA,0.0,work,602,1020,NA,0.0
118,travel,1020,1080,car,36.157622833919824,travel,1020,1086,car,36.157622833919824
118,home,1080,1440,NA,0.0,home,1086,1440,NA,0.0
119,home,0,550,NA,0.0,home,0,549,NA,0.0
119,travel,550,570,car,14.102146680558958,travel,549,575,car,14.102146680558958
119,business,570,940,NA,0.0,business,575,946,NA,0.0
119,travel,940,960,car,14.102146680558958,travel,946,978,car,14.102146680558958
119,home,960,1100,NA,0.0,home,978,1091,NA,0.0
119,travel,1100,1105,car,0.8212928832030629,travel,1091,1095,car,0.8212928832030629
119,business,1105,1185,NA,0.0,business,1095,1183,NA,0.0
119,travel,1185,1190,car,0.8212928832030629,travel,1183,1186,car,0.8212928832030629
119,home,1190,1440,NA,0.0,home,1186,1440,NA,0.0
120,home,0,470,NA,0.0,home,0,470,NA,0.0
120,travel,470,530,car,33.451295012301095,travel,470,525,car,33.451295012301095
120,work,530,1020,NA,0.0,work,525,1020,NA,0.0
120,travel,1020,1080,car,33.451295012301095,travel,1020,1085,car,33.451295012301095
120,home,1080,1440,NA,0.0,home,1085,1440,NA,0.0
121,home,0,565,NA,0.0,home,0,565,NA,0.0
121,travel,565,1040,car,0.0,travel,565,565,car,0.0
121,home,1040,1125,NA,0.0,home,565,1125,NA,0.0
121,travel,1125,1140,car,21.289718880248277,travel,1125,1171,car,21.289718880248277
121,other,1140,1215,NA,0.0,other,1171,1215,NA,0.0
121,travel,1215,1220,car,2.1164593074283284,travel,1215,1220,car,2.1164593074283284
121,visit,1220,1290,NA,0.0,visit,1220,1290,NA,0.0
121,travel,1290,1310,car,23.288218351776074,travel,1290,1324,car,23.288218351776074
121,home,1310,1440,NA,0.0,home,1324,1440,NA,0.0
122,home,0,465,NA,0.0,home,0,465,NA,0.0
122,travel,465,520,car,35.75031236227175,travel,465,529,car,35.75031236227175
122,work,520,1020,NA,0.0,work,529,1020,NA,0.0
122,travel,1020,1070,car,35.75031236227175,travel,1020,1069,car,35.75031236227175
122,home,1070,1125,NA,0.0,home,1069,1125,NA,0.0
122,travel,1125,1140,car,21.99807396114487,travel,1125,1163,car,21.99807396114487
122,other,1140,1215,NA,0.0,other,1163,1215,NA,0.0
122,travel,1215,1220,car,3.683683075401574,travel,1215,1227,car,3.683683075401574
122,visit,1220,1290,NA,0.0,visit,1227,1290,NA,0.0
122,travel,1290,1310,car,18.624276227547742,travel,1290,1316,car,18.624276227547742
122,home,1310,1440,NA,0.0,home,1316,1440,NA,0.0
123,home,0,615,NA,0.0,home,0,615,NA,0.0
123,travel,615,640,bus,4.339414822300352,travel,615,642,car,4.339414822300352
123,shop,640,720,NA,0.0,shop,642,725,NA,0.0
123,travel,720,745,bus,4.339414822300352,travel,725,749,bus,4.339414822300352
123,home,745,1440,NA,0.0,home,749,1440,NA,0.0
124,home,0,990,NA,0.0,home,0,994,NA,0.0
124,travel,990,1000,car,5.641279996596517,travel,994,1013,car,5.641279996596517
124,visit,1000,1090,NA,0.0,visit,1013,1078,NA,0.0
124,travel,1090,1100,car,5.641279996596517,travel,1078,1090,car,5.641279996596517
124,home,1100,1125,NA,0.0,home,1090,1137,NA,0.0
124,travel,1125,1132,car,6.761186360395637,travel,1137,1159,car,6.761186360395637
124,visit,1132,1235,NA,0.0,visit,1159,1231,NA,0.0
124,travel,1235,1242,car,6.761186360395637,travel,1231,1258,car,6.761186360395637
124,home,1242,1440,NA,0.0,home,1258,1440,NA,0.0
125,home,0,990,NA,0.0,home,0,990,NA,0.0
125,travel,990,1000,car,3.9510568206493817,travel,990,1012,car,3.9510568206493817
125,visit,1000,1090,NA,0.0,visit,1012,1090,NA,0.0
125,travel,1090,1100,car,3.9510568206493817,travel,1090,1131,car,3.9510568206493817
125,home,1100,1125,NA,0.0,home,1131,1131,NA,0.0
125,travel,1125,1132,car,1.9234263697890803,travel,1131,1142,car,1.9234263697890803
125,visit,1132,1235,NA,0.0,visit,1142,1235,NA,0.0
125,travel,1235,1242,car,1.9234263697890803,travel,1235,1241,car,1.9234263697890803
125,home,1242,1440,NA,0.0,home,1241,1440,NA,0.0
126,home,0,1115,NA,0.0,home,0,1122,NA,0.0
126,travel,1115,1125,car,3.2340912170190874,travel,1122,1130,car,3.2340912170190874
126,other,1125,1290,NA,0.0,other,1130,1287,NA,0.0
126,travel,1290,1305,car,3.2340912170190874,travel,1287,1296,car,3.2340912170190874
126,home,1305,1440,NA,0.0,home,1296,1440,NA,0.0
127,home,0,835,NA,0.0,home,0,843,NA,0.0
127,travel,835,860,walk,0.6739621651101788,travel,843,859,walk,0.6739621651101788
127,other,860,930,NA,0.0,other,859,922,NA,0.0
127,travel,930,955,walk,0.6739621651101788,travel,922,938,walk,0.6739621651101788
127,home,955,1440,NA,0.0,home,938,1440,NA,0.0